Timestamp,Operator,Maze size,Walls %,Start,Target,Result,Path Length,Wave cycles,Expanded,Discovered,"Time (algo, ms)"
2026-09-30 09:52:55,Up-Down-Right-Left,15x15,16.4,"(0, 0)","(14, 14)",not found,0,1,1,1,0.113 ms
2026-09-30 09:55:44,Combined (8 directions),15x15,26.2,"(1, 0)","(11, 10)",found,13,13,103,123,0.876 ms
2026-09-30 13:47:07,Up-Down-Right-Left,15x15,24.0,"(0, 0)","(14, 14)",found,28,28,167,169,1.884 ms
2026-10-01 23:02:44,Up-Down-Right-Left,15x15,25.8,"(0, 0)","(14, 14)",found,28,28,151,153,1.147 ms
2026-10-01 23:03:10,Up-Down-Right-Left,15x15,25.8,"(0, 0)","(14, 14)",found,28,28,151,153,0.779 ms
2026-10-01 23:04:28,Up-Down-Right-Left,15x15,25.8,"(0, 0)","(14, 14)",found,28,28,151,153,0.168 ms
2026-10-01 23:05:09,Diagonals,15x15,25.8,"(0, 0)","(14, 14)",not found,0,1,1,1,0.116 ms
2026-10-01 23:05:50,Diagonals,15x15,23.6,"(0, 0)","(14, 14)",found,16,16,70,73,0.119 ms
2026-10-01 23:06:46,Combined (8 directions),15x15,24.0,"(0, 0)","(14, 14)",found,15,15,163,169,0.948 ms
2026-10-01 23:10:28,Combined (8 directions),15x15,24.9,"(7, 7)","(11, 10)",found,4,4,35,59,0.276 ms
2026-10-01 23:11:03,Combined (8 directions),15x15,22.7,"(6, 7)","(14, 14)",found,9,9,161,170,0.540 ms
2026-10-01 23:15:42,Combined (8 directions),15x15,25.3,"(6, 5)","(14, 14)",found,11,11,165,168,0.299 ms
2026-10-01 23:16:18,Combined (8 directions),15x15,25.3,"(14, 14)","(6, 5)",found,11,11,74,85,0.389 ms
2026-10-01 23:17:43,Combined (8 directions),10x10,18.0,"(0, 0)","(9, 9)",found,11,11,78,82,0.344 ms
2026-10-01 23:18:14,Combined (8 directions),20x20,14.2,"(0, 0)","(19, 19)",found,21,21,339,343,1.452 ms
2026-10-01 23:18:43,Combined (8 directions),20x20,24.2,"(0, 0)","(19, 19)",found,23,23,298,303,0.899 ms
2026-10-01 23:19:34,Combined (8 directions),15x15,21.8,"(0, 0)","(14, 14)",found,16,16,173,176,0.714 ms
2026-10-01 23:20:01,Combined (8 directions),10x10,24.0,"(0, 0)","(9, 9)",found,15,15,59,75,0.274 ms
2026-10-01 23:20:55,Combined (8 directions),15x15,10.2,"(0, 0)","(14, 14)",found,15,15,187,202,0.782 ms
2026-10-01 23:21:17,Combined (8 directions),15x15,22.7,"(0, 0)","(14, 14)",found,16,16,171,174,0.577 ms
2026-10-01 23:21:45,Combined (8 directions),15x15,36.4,"(0, 0)","(14, 14)",found,19,19,142,143,0.492 ms
2026-10-01 23:22:06,Combined (8 directions),15x15,49.8,"(0, 0)","(14, 14)",found,20,20,108,110,0.199 ms
2026-10-01 23:22:49,Combined (8 directions),15x15,58.2,"(0, 0)","(14, 14)",not found,0,5,10,10,0.102 ms
2026-10-01 23:23:52,Combined (8 directions),15x15,25.8,"(0, 0)","(14, 14)",not found,0,2,3,3,0.083 ms
2026-10-01 23:24:46,Diagonals,15x15,0.0,"(2, 2)","(4, 4)",found,2,2,4,11,0.063 ms
2026-10-01 23:24:59,Diagonals,15x15,0.0,"(2, 2)","(5, 3)",found,3,3,11,17,0.101 ms
2026-10-01 23:25:16,Diagonals,15x15,0.0,"(2, 2)","(5, 2)",not found,0,13,113,113,0.395 ms
2026-10-01 23:26:26,Diagonals,15x15,0.0,"(1, 0)","(2, 0)",not found,0,15,112,112,0.267 ms
2026-10-08 16:00:50,Up-Down-Right-Left,15x15,23.6,"(0, 0)","(14, 14)",found,28,28,166,169,1.256 ms
2026-10-08 16:56:19,Up-Down-Right-Left,15x15,24.9,"(0, 0)","(14, 14)",found,28,28,164,168,1.271 ms
2026-10-08 17:04:34,Up-Down-Right-Left,15x15,24.9,"(0, 0)","(14, 14)",found,28,28,164,168,0.661 ms
2026-10-08 17:04:43,Up-Down-Right-Left,15x15,24.9,"(0, 0)","(14, 14)",found,28,28,164,168,0.401 ms
2026-10-08 17:05:17,Diagonals,15x15,24.9,"(0, 0)","(14, 14)",found,18,18,76,81,0.141 ms
2026-10-08 17:06:19,Combined (8 directions),15x15,24.9,"(0, 0)","(14, 14)",found,16,16,161,169,0.654 ms
